<?xml version="1.0" encoding="utf-8"?>
<install version="1.5" type="plugin" group="user" method="upgrade">
	<name>User - JFusion</name>
	<author>JFusion Development Team</author>
	<creationDate>July 2008</creationDate>
	<author>JFusion Development Team</author>
	<authorEmail>webmaster@jfusion.org</authorEmail>
	<authorUrl>http://www.jfusion.org</authorUrl>
	<copyright>Copyright (C) 2008 JFusion. All rights reserved.</copyright>
	<license>http://www.gnu.org/licenses/gpl-2.0.html GNU/GPL</license>
	<version>1.8.4-004</version>
    <revision>7237c4fc8f60873a5744ab7e1413284e3a684274</revision>
    <timestamp>1374442188</timestamp>
	<description>User Plugin for JFusion</description>

	<files>
		<filename plugin="jfusion">jfusion.php</filename>
	</files>
</install>